n_qubits,state_model,first_crossing_density,delta_from_uniform,ratio_to_uniform,perturbation_amplitude,perturbation_frequency,phase_relaxation_steps_mean,torsion_hysteresis_mean,volatility_index_mean,volatility_index_max,catastrophic_unraveling_amplitude,spread_min,spread_max,spread,crossing_seed_count,density_threshold,wall_runtime_ms
4,uniform-random,0.12,,,0.2,46.0,15.833333,0.067316,0.145455,0.173856,0.2,0.12,0.12,0.0,2,0.12,42.711095
4,uniform-random,0.12,,,0.6,46.0,46.833333,0.201946,0.434802,0.519224,0.6,0.12,0.12,0.0,2,0.12,38.453462
4,uniform-random,0.12,,,0.2,46.25,16.0,0.06852,0.147784,0.174321,0.2,0.12,0.12,0.0,2,0.12,38.97026
4,uniform-random,0.12,,,0.6,46.25,47.333333,0.205558,0.441789,0.52062,0.6,0.12,0.12,0.0,2,0.12,43.899736
4,uniform-random,0.12,,,0.2,46.5,16.0,0.067699,0.146463,0.167845,0.2,0.12,0.12,0.0,2,0.12,39.030157
4,uniform-random,0.12,,,0.6,46.5,47.0,0.203097,0.437045,0.503536,0.6,0.12,0.12,0.0,2,0.12,30.839798
4,uniform-random,0.12,,,0.2,46.75,14.333333,0.060615,0.131155,0.165228,0.2,0.12,0.12,0.0,2,0.12,40.798959
4,uniform-random,0.12,,,0.6,46.75,42.0,0.181845,0.391121,0.493341,0.6,0.12,0.12,0.0,2,0.12,39.806887
4,uniform-random,0.12,,,0.2,47.0,14.5,0.061781,0.133422,0.168888,0.2,0.12,0.12,0.0,2,0.12,34.887206
4,uniform-random,0.12,,,0.6,47.0,42.833333,0.185342,0.398703,0.506663,0.6,0.12,0.12,0.0,2,0.12,37.488015
4,uniform-random,0.12,,,0.2,47.25,16.0,0.067724,0.146503,0.173939,0.2,0.12,0.12,0.0,2,0.12,33.307698
4,uniform-random,0.12,,,0.6,47.25,47.0,0.203172,0.437167,0.519473,0.6,0.12,0.12,0.0,2,0.12,40.668715
4,uniform-random,0.12,,,0.2,47.5,16.666667,0.071318,0.153849,0.168435,0.2,0.12,0.12,0.0,2,0.12,37.998068
4,uniform-random,0.12,,,0.6,47.5,49.333333,0.213952,0.459986,0.505306,0.6,0.12,0.12,0.0,2,0.12,38.878276
4,uniform-random,0.12,,,0.2,47.75,16.166667,0.068271,0.147774,0.174102,0.2,0.12,0.12,0.0,2,0.12,45.783278
4,uniform-random,0.12,,,0.6,47.75,47.5,0.204812,0.440978,0.519963,0.6,0.12,0.12,0.0,2,0.12,34.468306
4,uniform-random,0.12,,,0.2,48.0,14.5,0.061126,0.132367,0.16555,0.2,0.12,0.12,0.0,2,0.12,38.980224
4,uniform-random,0.12,,,0.6,48.0,42.333333,0.183377,0.394367,0.494307,0.6,0.12,0.12,0.0,2,0.12,39.127784
4,uniform-random,0.12,,,0.2,48.25,13.666667,0.056811,0.12347,0.173943,0.2,0.12,0.12,0.0,2,0.12,37.397583
4,uniform-random,0.12,,,0.6,48.25,39.666667,0.170432,0.367283,0.519484,0.6,0.12,0.12,0.0,2,0.12,39.192196
4,uniform-random,0.12,,,0.2,48.5,13.5,0.057298,0.123863,0.168377,0.2,0.12,0.12,0.0,2,0.12,34.248237
4,uniform-random,0.12,,,0.6,48.5,39.833333,0.171894,0.370027,0.50513,0.6,0.12,0.12,0.0,2,0.12,43.366177
4,uniform-random,0.12,,,0.2,48.75,13.5,0.057869,0.124782,0.167926,0.2,0.12,0.12,0.0,2,0.12,39.553159
4,uniform-random,0.12,,,0.6,48.75,40.0,0.173607,0.373174,0.503778,0.6,0.12,0.12,0.0,2,0.12,40.505204
4,uniform-random,0.12,,,0.2,49.0,14.666667,0.061096,0.132711,0.1658,0.2,0.12,0.12,0.0,2,0.12,40.118163
4,uniform-random,0.12,,,0.6,49.0,42.666667,0.183289,0.395007,0.495056,0.6,0.12,0.12,0.0,2,0.12,40.334787
4,uniform-random,0.12,,,0.2,49.25,13.666667,0.057651,0.124822,0.173008,0.2,0.12,0.12,0.0,2,0.12,37.025194
4,uniform-random,0.12,,,0.6,49.25,40.0,0.172953,0.372123,0.514338,0.6,0.12,0.12,0.0,2,0.12,40.825038
4,uniform-random,0.12,,,0.2,49.5,14.666667,0.061642,0.13359,0.17464,0.2,0.12,0.12,0.0,2,0.12,43.589475
4,uniform-random,0.12,,,0.6,49.5,42.833333,0.184927,0.398034,0.521576,0.6,0.12,0.12,0.0,2,0.12,46.72565
4,uniform-random,0.12,,,0.2,49.75,16.666667,0.070416,0.152398,0.173939,0.2,0.12,0.12,0.0,2,0.12,40.704734
4,uniform-random,0.12,,,0.6,49.75,48.833333,0.211247,0.45446,0.519473,0.6,0.12,0.12,0.0,2,0.12,37.999863
4,uniform-random,0.12,,,0.2,50.0,18.0,0.077449,0.166844,0.168649,0.2,0.12,0.12,0.0,2,0.12,42.0754
4,uniform-random,0.12,,,0.6,50.0,53.333333,0.232347,0.498968,0.505946,0.6,0.12,0.12,0.0,2,0.12,51.599309
4,uniform-random,0.12,,,0.2,50.25,18.5,0.078524,0.169746,0.174524,0.2,0.12,0.12,0.0,2,0.12,46.867761
4,uniform-random,0.12,,,0.6,50.25,54.5,0.235573,0.506894,0.521229,0.6,0.12,0.12,0.0,2,0.12,42.347929
4,uniform-random,0.12,,,0.2,50.5,16.833333,0.071426,0.154414,0.173451,0.2,0.12,0.12,0.0,2,0.12,38.179998
4,uniform-random,0.12,,,0.6,50.5,49.333333,0.214277,0.460509,0.515665,0.6,0.12,0.12,0.0,2,0.12,46.3858
4,uniform-random,0.12,,,0.2,50.75,15.666667,0.065698,0.142461,0.173943,0.2,0.12,0.12,0.0,2,0.12,45.498943
4,uniform-random,0.12,,,0.6,50.75,45.666667,0.197094,0.424258,0.519484,0.6,0.12,0.12,0.0,2,0.12,31.012136
4,uniform-random,0.12,,,0.2,51.0,15.5,0.065619,0.141943,0.168377,0.2,0.12,0.12,0.0,2,0.12,37.410829
4,uniform-random,0.12,,,0.6,51.0,45.666667,0.196856,0.423874,0.50513,0.6,0.12,0.12,0.0,2,0.12,40.811601
4,uniform-random,0.12,,,0.2,51.25,15.333333,0.06536,0.141137,0.168895,0.2,0.12,0.12,0.0,2,0.12,39.293425
4,uniform-random,0.12,,,0.6,51.25,45.166667,0.196081,0.421456,0.506684,0.6,0.12,0.12,0.0,2,0.12,39.710554
4,uniform-random,0.12,,,0.2,51.5,15.0,0.063189,0.13686,0.166481,0.2,0.12,0.12,0.0,2,0.12,37.456899
4,uniform-random,0.12,,,0.6,51.5,43.833333,0.189566,0.407846,0.497099,0.6,0.12,0.12,0.0,2,0.12,39.497793
4,uniform-random,0.12,,,0.2,51.75,12.833333,0.054271,0.117428,0.165228,0.2,0.12,0.12,0.0,2,0.12,34.985067
4,uniform-random,0.12,,,0.6,51.75,37.833333,0.162813,0.350723,0.493341,0.6,0.12,0.12,0.0,2,0.12,38.031198
4,uniform-random,0.12,,,0.2,52.0,12.833333,0.05342,0.11606,0.168888,0.2,0.12,0.12,0.0,2,0.12,43.333918
4,uniform-random,0.12,,,0.6,52.0,37.166667,0.160261,0.345053,0.506663,0.6,0.12,0.12,0.0,2,0.12,41.832456
4,uniform-random,0.12,,,0.2,52.25,14.833333,0.061932,0.134447,0.173939,0.2,0.12,0.12,0.0,2,0.12,33.690639
4,uniform-random,0.12,,,0.6,52.25,43.166667,0.185796,0.400214,0.519473,0.6,0.12,0.12,0.0,2,0.12,43.233306
4,uniform-random,0.12,,,0.2,52.5,16.0,0.068299,0.147428,0.168435,0.2,0.12,0.12,0.0,2,0.12,48.857291
4,uniform-random,0.12,,,0.6,52.5,47.166667,0.204896,0.440331,0.505306,0.6,0.12,0.12,0.0,2,0.12,42.332907
4,uniform-random,0.12,,,0.2,52.75,16.166667,0.068133,0.147551,0.174102,0.2,0.12,0.12,0.0,2,0.12,36.675376
4,uniform-random,0.12,,,0.6,52.75,47.333333,0.204397,0.439919,0.519963,0.6,0.12,0.12,0.0,2,0.12,32.931303
4,uniform-random,0.12,,,0.2,53.0,14.666667,0.062089,0.134309,0.16555,0.2,0.12,0.12,0.0,2,0.12,44.62106
4,uniform-random,0.12,,,0.6,53.0,43.0,0.186268,0.400584,0.494307,0.6,0.12,0.12,0.0,2,0.12,66.97842
4,uniform-random,0.12,,,0.2,53.25,14.333333,0.060504,0.130976,0.173943,0.2,0.12,0.12,0.0,2,0.12,34.156455
4,uniform-random,0.12,,,0.6,53.25,42.166667,0.181512,0.390975,0.519484,0.6,0.12,0.12,0.0,2,0.12,41.253093
4,uniform-random,0.12,,,0.2,53.5,15.0,0.06359,0.137506,0.174064,0.2,0.12,0.12,0.0,2,0.12,43.981017
4,uniform-random,0.12,,,0.6,53.5,44.166667,0.190769,0.410563,0.519849,0.6,0.12,0.12,0.0,2,0.12,40.73289
4,uniform-random,0.12,,,0.2,53.75,15.5,0.06617,0.14283,0.174158,0.2,0.12,0.12,0.0,2,0.12,33.971442
4,uniform-random,0.12,,,0.6,53.75,45.833333,0.198508,0.426926,0.52013,0.6,0.12,0.12,0.0,2,0.12,35.97471
4,uniform-random,0.12,,,0.2,54.0,15.833333,0.066808,0.144638,0.167316,0.2,0.12,0.12,0.0,2,0.12,36.545819
4,uniform-random,0.12,,,0.6,54.0,46.5,0.200422,0.431569,0.501947,0.6,0.12,0.12,0.0,2,0.12,51.318452
5,uniform-random,0.12,,,0.2,46.0,16.166667,0.06866,0.148401,0.174797,0.2,0.12,0.12,0.0,2,0.12,44.24267
5,uniform-random,0.12,,,0.6,46.0,47.666667,0.20598,0.443249,0.522048,0.6,0.12,0.12,0.0,2,0.12,42.984323
5,uniform-random,0.12,,,0.2,46.25,16.5,0.069899,0.151176,0.176584,0.2,0.12,0.12,0.0,2,0.12,34.375502
5,uniform-random,0.12,,,0.6,46.25,48.5,0.209697,0.451183,0.529752,0.6,0.12,0.12,0.0,2,0.12,39.664582
5,uniform-random,0.12,,,0.2,46.5,16.166667,0.069037,0.149007,0.173693,0.2,0.12,0.12,0.0,2,0.12,45.038997
5,uniform-random,0.12,,,0.6,46.5,47.666667,0.207109,0.445067,0.518734,0.6,0.12,0.12,0.0,2,0.12,36.452213
5,uniform-random,0.12,,,0.2,46.75,14.666667,0.061807,0.133856,0.172698,0.2,0.12,0.12,0.0,2,0.12,33.828071
5,uniform-random,0.12,,,0.6,46.75,43.0,0.185422,0.399223,0.513407,0.6,0.12,0.12,0.0,2,0.12,37.945882
5,uniform-random,0.12,,,0.2,47.0,14.833333,0.063018,0.136194,0.176412,0.2,0.12,0.12,0.0,2,0.12,40.09939
5,uniform-random,0.12,,,0.6,47.0,43.833333,0.189052,0.407019,0.529236,0.6,0.12,0.12,0.0,2,0.12,36.798016
5,uniform-random,0.12,,,0.2,47.25,16.333333,0.069096,0.149492,0.175515,0.2,0.12,0.12,0.0,2,0.12,32.83199
5,uniform-random,0.12,,,0.6,47.25,47.833333,0.207287,0.445742,0.5242,0.6,0.12,0.12,0.0,2,0.12,43.103006
5,uniform-random,0.12,,,0.2,47.5,17.0,0.072772,0.156972,0.172696,0.2,0.12,0.12,0.0,2,0.12,38.310999
5,uniform-random,0.12,,,0.6,47.5,50.333333,0.218316,0.469354,0.513401,0.6,0.12,0.12,0.0,2,0.12,42.404428
5,uniform-random,0.12,,,0.2,47.75,16.333333,0.069674,0.150423,0.17641,0.2,0.12,0.12,0.0,2,0.12,38.238539
5,uniform-random,0.12,,,0.6,47.75,48.166667,0.209022,0.449317,0.52923,0.6,0.12,0.12,0.0,2,0.12,42.323425
5,uniform-random,0.12,,,0.2,48.0,14.666667,0.062347,0.134725,0.167931,0.2,0.12,0.12,0.0,2,0.12,36.271675
5,uniform-random,0.12,,,0.6,48.0,43.333333,0.187042,0.40261,0.503792,0.6,0.12,0.12,0.0,2,0.12,39.690255
5,uniform-random,0.12,,,0.2,48.25,13.666667,0.057898,0.12522,0.17644,0.2,0.12,0.12,0.0,2,0.12,42.567735
5,uniform-random,0.12,,,0.6,48.25,40.166667,0.173694,0.373706,0.529319,0.6,0.12,0.12,0.0,2,0.12,37.391381
5,uniform-random,0.12,,,0.2,48.5,13.666667,0.058343,0.125936,0.173155,0.2,0.12,0.12,0.0,2,0.12,35.072471
5,uniform-random,0.12,,,0.6,48.5,40.5,0.175029,0.376635,0.514778,0.6,0.12,0.12,0.0,2,0.12,46.015331
5,uniform-random,0.12,,,0.2,48.75,14.0,0.058866,0.127559,0.172696,0.2,0.12,0.12,0.0,2,0.12,40.811364
5,uniform-random,0.12,,,0.6,48.75,40.833333,0.1766,0.379944,0.513401,0.6,0.12,0.12,0.0,2,0.12,39.823989
5,uniform-random,0.12,,,0.2,49.0,14.666667,0.062167,0.134434,0.168055,0.2,0.12,0.12,0.0,2,0.12,39.449404
5,uniform-random,0.12,,,0.6,49.0,43.0,0.186501,0.400959,0.504165,0.6,0.12,0.12,0.0,2,0.12,38.419275
5,uniform-random,0.12,,,0.2,49.25,14.0,0.058674,0.127249,0.173624,0.2,0.12,0.12,0.0,2,0.12,45.685533
5,uniform-random,0.12,,,0.6,49.25,40.666667,0.176021,0.378622,0.516185,0.6,0.12,0.12,0.0,2,0.12,36.048039
5,uniform-random,0.12,,,0.2,49.5,14.833333,0.062773,0.1358,0.175263,0.2,0.12,0.12,0.0,2,0.12,34.361844
5,uniform-random,0.12,,,0.6,49.5,43.666667,0.188318,0.405446,0.523447,0.6,0.12,0.12,0.0,2,0.12,36.86693
5,uniform-random,0.12,,,0.2,49.75,17.0,0.071748,0.155325,0.175515,0.2,0.12,0.12,0.0,2,0.12,43.849245
5,uniform-random,0.12,,,0.6,49.75,49.666667,0.215245,0.462849,0.5242,0.6,0.12,0.12,0.0,2,0.12,48.378926
5,uniform-random,0.12,,,0.2,50.0,18.5,0.078937,0.170411,0.172696,0.2,0.12,0.12,0.0,2,0.12,45.939563
5,uniform-random,0.12,,,0.6,50.0,54.5,0.236812,0.50889,0.513401,0.6,0.12,0.12,0.0,2,0.12,39.44962
5,uniform-random,0.12,,,0.2,50.25,18.666667,0.080037,0.172571,0.17641,0.2,0.12,0.12,0.0,2,0.12,37.317141
5,uniform-random,0.12,,,0.6,50.25,55.166667,0.240111,0.515761,0.52923,0.6,0.12,0.12,0.0,2,0.12,38.559539
5,uniform-random,0.12,,,0.2,50.5,17.0,0.072811,0.157034,0.176138,0.2,0.12,0.12,0.0,2,0.12,47.915362
5,uniform-random,0.12,,,0.6,50.5,50.5,0.218431,0.46993,0.528415,0.6,0.12,0.12,0.0,2,0.12,34.53674
5,uniform-random,0.12,,,0.2,50.75,15.833333,0.066991,0.144933,0.17644,0.2,0.12,0.12,0.0,2,0.12,41.840809
5,uniform-random,0.12,,,0.6,50.75,46.5,0.200974,0.432456,0.529319,0.6,0.12,0.12,0.0,2,0.12,43.097536
5,uniform-random,0.12,,,0.2,51.0,15.833333,0.066954,0.144873,0.17445,0.2,0.12,0.12,0.0,2,0.12,43.024218
5,uniform-random,0.12,,,0.6,51.0,46.5,0.200862,0.432277,0.521008,0.6,0.12,0.12,0.0,2,0.12,42.916291
5,uniform-random,0.12,,,0.2,51.25,15.833333,0.066724,0.144504,0.176613,0.2,0.12,0.12,0.0,2,0.12,34.256787
5,uniform-random,0.12,,,0.6,51.25,46.333333,0.200173,0.430777,0.52984,0.6,0.12,0.12,0.0,2,0.12,34.834624
5,uniform-random,0.12,,,0.2,51.5,15.166667,0.064506,0.139371,0.174097,0.2,0.12,0.12,0.0,2,0.12,43.224346
5,uniform-random,0.12,,,0.6,51.5,44.5,0.193519,0.415771,0.519948,0.6,0.12,0.12,0.0,2,0.12,35.096873
5,uniform-random,0.12,,,0.2,51.75,13.166667,0.055412,0.120046,0.167473,0.2,0.12,0.12,0.0,2,0.12,42.010259
5,uniform-random,0.12,,,0.6,51.75,38.666667,0.166235,0.358184,0.502418,0.6,0.12,0.12,0.0,2,0.12,38.970276
5,uniform-random,0.12,,,0.2,52.0,13.0,0.054539,0.118251,0.172774,0.2,0.12,0.12,0.0,2,0.12,33.785962
5,uniform-random,0.12,,,0.6,52.0,38.0,0.163617,0.352408,0.513634,0.6,0.12,0.12,0.0,2,0.12,32.046771
5,uniform-random,0.12,,,0.2,52.25,15.0,0.063144,0.136788,0.175515,0.2,0.12,0.12,0.0,2,0.12,39.569812
5,uniform-random,0.12,,,0.6,52.25,43.833333,0.189431,0.407629,0.5242,0.6,0.12,0.12,0.0,2,0.12,39.965852
5,uniform-random,0.12,,,0.2,52.5,16.333333,0.069558,0.150236,0.172696,0.2,0.12,0.12,0.0,2,0.12,37.901712
5,uniform-random,0.12,,,0.6,52.5,48.0,0.208673,0.448364,0.513401,0.6,0.12,0.12,0.0,2,0.12,35.881403
5,uniform-random,0.12,,,0.2,52.75,16.166667,0.069311,0.149449,0.17641,0.2,0.12,0.12,0.0,2,0.12,43.483902
5,uniform-random,0.12,,,0.6,52.75,47.833333,0.207933,0.446783,0.52923,0.6,0.12,0.12,0.0,2,0.12,41.657519
5,uniform-random,0.12,,,0.2,53.0,14.833333,0.063129,0.136374,0.167931,0.2,0.12,0.12,0.0,2,0.12,36.364472
5,uniform-random,0.12,,,0.6,53.0,43.666667,0.189388,0.407168,0.503792,0.6,0.12,0.12,0.0,2,0.12,35.363513
5,uniform-random,0.12,,,0.2,53.25,14.5,0.061571,0.133084,0.17644,0.2,0.12,0.12,0.0,2,0.12,31.196972
5,uniform-random,0.12,,,0.6,53.25,42.833333,0.184712,0.39769,0.529319,0.6,0.12,0.12,0.0,2,0.12,38.043139
5,uniform-random,0.12,,,0.2,53.5,15.333333,0.064776,0.140196,0.174685,0.2,0.12,0.12,0.0,2,0.12,31.887441
5,uniform-random,0.12,,,0.6,53.5,45.0,0.194328,0.418244,0.521711,0.6,0.12,0.12,0.0,2,0.12,38.15625
5,uniform-random,0.12,,,0.2,53.75,16.0,0.06745,0.146062,0.174779,0.2,0.12,0.12,0.0,2,0.12,40.902262
5,uniform-random,0.12,,,0.6,53.75,46.833333,0.202349,0.435451,0.521993,0.6,0.12,0.12,0.0,2,0.12,32.754855
5,uniform-random,0.12,,,0.2,54.0,16.0,0.06811,0.147124,0.168055,0.2,0.12,0.12,0.0,2,0.12,37.32474
5,uniform-random,0.12,,,0.6,54.0,47.0,0.204328,0.439027,0.504165,0.6,0.12,0.12,0.0,2,0.12,48.688014
6,uniform-random,0.12,,,0.2,46.0,16.166667,0.069362,0.14953,0.176742,0.2,0.12,0.12,0.0,2,0.12,36.746353
6,uniform-random,0.12,,,0.6,46.0,48.0,0.208086,0.44742,0.530226,0.6,0.12,0.12,0.0,2,0.12,36.030351
6,uniform-random,0.12,,,0.2,46.25,16.666667,0.070601,0.152696,0.177561,0.2,0.12,0.12,0.0,2,0.12,41.389006
6,uniform-random,0.12,,,0.6,46.25,49.0,0.211803,0.455746,0.532684,0.6,0.12,0.12,0.0,2,0.12,38.27393
6,uniform-random,0.12,,,0.2,46.5,16.5,0.069739,0.150919,0.174648,0.2,0.12,0.12,0.0,2,0.12,51.143062
6,uniform-random,0.12,,,0.6,46.5,48.333333,0.209218,0.450022,0.521602,0.6,0.12,0.12,0.0,2,0.12,43.125762
6,uniform-random,0.12,,,0.2,46.75,14.666667,0.062447,0.134885,0.173647,0.2,0.12,0.12,0.0,2,0.12,44.317147
6,uniform-random,0.12,,,0.6,46.75,43.166667,0.187341,0.402702,0.518597,0.6,0.12,0.12,0.0,2,0.12,39.739837
6,uniform-random,0.12,,,0.2,47.0,15.0,0.063665,0.137628,0.177388,0.2,0.12,0.12,0.0,2,0.12,43.028238
6,uniform-random,0.12,,,0.6,47.0,44.166667,0.190996,0.410929,0.532164,0.6,0.12,0.12,0.0,2,0.12,45.629476
6,uniform-random,0.12,,,0.2,47.25,16.333333,0.069782,0.150597,0.177007,0.2,0.12,0.12,0.0,2,0.12,36.472764
6,uniform-random,0.12,,,0.6,47.25,48.5,0.209345,0.450618,0.53102,0.6,0.12,0.12,0.0,2,0.12,36.877975
6,uniform-random,0.12,,,0.2,47.5,17.333333,0.073464,0.158867,0.173851,0.2,0.12,0.12,0.0,2,0.12,42.013484
6,uniform-random,0.12,,,0.6,47.5,51.0,0.220393,0.474259,0.519209,0.6,0.12,0.12,0.0,2,0.12,39.612664
6,uniform-random,0.12,,,0.2,47.75,16.5,0.070321,0.151856,0.177484,0.2,0.12,0.12,0.0,2,0.12,44.330842
6,uniform-random,0.12,,,0.6,47.75,48.833333,0.210964,0.454005,0.532453,0.6,0.12,0.12,0.0,2,0.12,39.945389
6,uniform-random,0.12,,,0.2,48.0,14.833333,0.06294,0.136069,0.171299,0.2,0.12,0.12,0.0,2,0.12,41.136393
6,uniform-random,0.12,,,0.6,48.0,43.666667,0.188819,0.406253,0.509209,0.6,0.12,0.12,0.0,2,0.12,35.437349
6,uniform-random,0.12,,,0.2,48.25,13.666667,0.058475,0.126148,0.177514,0.2,0.12,0.12,0.0,2,0.12,43.785401
6,uniform-random,0.12,,,0.6,48.25,40.5,0.175424,0.377271,0.532543,0.6,0.12,0.12,0.0,2,0.12,38.681329
6,uniform-random,0.12,,,0.2,48.5,13.833333,0.058935,0.127279,0.174314,0.2,0.12,0.12,0.0,2,0.12,37.734177
6,uniform-random,0.12,,,0.6,48.5,40.833333,0.176805,0.380275,0.520599,0.6,0.12,0.12,0.0,2,0.12,41.893749
6,uniform-random,0.12,,,0.2,48.75,14.333333,0.059468,0.129309,0.173851,0.2,0.12,0.12,0.0,2,0.12,41.790689
6,uniform-random,0.12,,,0.6,48.75,41.333333,0.178405,0.384022,0.519209,0.6,0.12,0.12,0.0,2,0.12,44.241944
6,uniform-random,0.12,,,0.2,49.0,14.833333,0.062815,0.135868,0.171314,0.2,0.12,0.12,0.0,2,0.12,41.371791
6,uniform-random,0.12,,,0.6,49.0,43.666667,0.188446,0.405651,0.509255,0.6,0.12,0.12,0.0,2,0.12,59.73604
6,uniform-random,0.12,,,0.2,49.25,14.0,0.059302,0.12826,0.175876,0.2,0.12,0.12,0.0,2,0.12,45.646385
6,uniform-random,0.12,,,0.6,49.25,41.0,0.177905,0.382437,0.525283,0.6,0.12,0.12,0.0,2,0.12,44.141614
6,uniform-random,0.12,,,0.2,49.5,14.833333,0.063446,0.136883,0.177544,0.2,0.12,0.12,0.0,2,0.12,36.672288
6,uniform-random,0.12,,,0.6,49.5,44.0,0.190337,0.409478,0.532631,0.6,0.12,0.12,0.0,2,0.12,34.079856
6,uniform-random,0.12,,,0.2,49.75,17.0,0.072495,0.156527,0.177007,0.2,0.12,0.12,0.0,2,0.12,44.095201
6,uniform-random,0.12,,,0.6,49.75,50.333333,0.217486,0.468017,0.53102,0.6,0.12,0.12,0.0,2,0.12,45.590454
6,uniform-random,0.12,,,0.2,50.0,19.0,0.079736,0.172868,0.173851,0.2,0.12,0.12,0.0,2,0.12,39.180423
6,uniform-random,0.12,,,0.6,50.0,55.5,0.239208,0.515089,0.519209,0.6,0.12,0.12,0.0,2,0.12,35.602537
6,uniform-random,0.12,,,0.2,50.25,18.833333,0.080848,0.174268,0.177484,0.2,0.12,0.12,0.0,2,0.12,47.542051
6,uniform-random,0.12,,,0.6,50.25,56.0,0.242545,0.521631,0.532453,0.6,0.12,0.12,0.0,2,0.12,37.936829
6,uniform-random,0.12,,,0.2,50.5,17.166667,0.073554,0.158621,0.177112,0.2,0.12,0.12,0.0,2,0.12,38.822236
6,uniform-random,0.12,,,0.6,50.5,51.0,0.220662,0.474692,0.531337,0.6,0.12,0.12,0.0,2,0.12,39.067733
6,uniform-random,0.12,,,0.2,50.75,15.833333,0.067681,0.146043,0.177514,0.2,0.12,0.12,0.0,2,0.12,38.326158
6,uniform-random,0.12,,,0.6,50.75,46.833333,0.203043,0.436568,0.532543,0.6,0.12,0.12,0.0,2,0.12,52.198089
6,uniform-random,0.12,,,0.2,51.0,15.833333,0.067626,0.145956,0.175412,0.2,0.12,0.12,0.0,2,0.12,50.713572
6,uniform-random,0.12,,,0.6,51.0,46.833333,0.20288,0.436305,0.523892,0.6,0.12,0.12,0.0,2,0.12,37.367164
6,uniform-random,0.12,,,0.2,51.25,16.0,0.067371,0.145936,0.177591,0.2,0.12,0.12,0.0,2,0.12,52.117962
6,uniform-random,0.12,,,0.6,51.25,46.833333,0.202114,0.435072,0.532773,0.6,0.12,0.12,0.0,2,0.12,37.391328
6,uniform-random,0.12,,,0.2,51.5,15.333333,0.06513,0.140765,0.175056,0.2,0.12,0.12,0.0,2,0.12,39.611101
6,uniform-random,0.12,,,0.6,51.5,45.166667,0.195389,0.420342,0.522825,0.6,0.12,0.12,0.0,2,0.12,40.823039
6,uniform-random,0.12,,,0.2,51.75,13.166667,0.055946,0.120905,0.168384,0.2,0.12,0.12,0.0,2,0.12,45.440486
6,uniform-random,0.12,,,0.6,51.75,38.666667,0.167837,0.360763,0.505152,0.6,0.12,0.12,0.0,2,0.12,38.113112
6,uniform-random,0.12,,,0.2,52.0,13.0,0.055061,0.119091,0.174235,0.2,0.12,0.12,0.0,2,0.12,43.297783
6,uniform-random,0.12,,,0.6,52.0,38.166667,0.165182,0.355319,0.520361,0.6,0.12,0.12,0.0,2,0.12,33.95226
6,uniform-random,0.12,,,0.2,52.25,15.0,0.063763,0.137784,0.177007,0.2,0.12,0.12,0.0,2,0.12,36.307732
6,uniform-random,0.12,,,0.6,52.25,44.333333,0.191288,0.411789,0.53102,0.6,0.12,0.12,0.0,2,0.12,48.415955
6,uniform-random,0.12,,,0.2,52.5,16.666667,0.070244,0.152122,0.173851,0.2,0.12,0.12,0.0,2,0.12,52.795427
6,uniform-random,0.12,,,0.6,52.5,48.833333,0.210733,0.453632,0.519209,0.6,0.12,0.12,0.0,2,0.12,46.094183
6,uniform-random,0.12,,,0.2,52.75,16.333333,0.070015,0.150971,0.177484,0.2,0.12,0.12,0.0,2,0.12,44.855573
6,uniform-random,0.12,,,0.6,52.75,48.5,0.210043,0.451741,0.532453,0.6,0.12,0.12,0.0,2,0.12,37.391047
6,uniform-random,0.12,,,0.2,53.0,15.0,0.063788,0.137824,0.171299,0.2,0.12,0.12,0.0,2,0.12,40.316956
6,uniform-random,0.12,,,0.6,53.0,44.333333,0.191362,0.411908,0.509209,0.6,0.12,0.12,0.0,2,0.12,39.929953
6,uniform-random,0.12,,,0.2,53.25,14.666667,0.062222,0.134523,0.177514,0.2,0.12,0.12,0.0,2,0.12,46.253291
6,uniform-random,0.12,,,0.6,53.25,43.166667,0.186666,0.401615,0.532543,0.6,0.12,0.12,0.0,2,0.12,38.130363
6,uniform-random,0.12,,,0.2,53.5,15.333333,0.065449,0.141279,0.176955,0.2,0.12,0.12,0.0,2,0.12,42.779521
6,uniform-random,0.12,,,0.6,53.5,45.333333,0.196348,0.422276,0.530865,0.6,0.12,0.12,0.0,2,0.12,43.108854
6,uniform-random,0.12,,,0.2,53.75,16.166667,0.068134,0.147553,0.177051,0.2,0.12,0.12,0.0,2,0.12,39.930006
6,uniform-random,0.12,,,0.6,53.75,47.333333,0.204401,0.439925,0.531152,0.6,0.12,0.12,0.0,2,0.12,44.530314
6,uniform-random,0.12,,,0.2,54.0,16.333333,0.068805,0.149024,0.172452,0.2,0.12,0.12,0.0,2,0.12,41.541776
6,uniform-random,0.12,,,0.6,54.0,47.666667,0.206414,0.443947,0.512668,0.6,0.12,0.12,0.0,2,0.12,42.917775
4,high-grade-bias,0.4,0.28,3.333333,0.2,46.0,7.666667,0.019983,0.073922,0.08721,0.2,0.4,0.4,0.0,2,0.12,43.231034
4,high-grade-bias,0.4,0.28,3.333333,0.6,46.0,21.5,0.05995,0.218249,0.256943,0.6,0.4,0.4,0.0,2,0.12,33.953006
4,high-grade-bias,0.4,0.28,3.333333,0.2,46.25,7.666667,0.020343,0.074929,0.08762,0.2,0.4,0.4,0.0,2,0.12,36.720551
4,high-grade-bias,0.4,0.28,3.333333,0.6,46.25,21.666667,0.061028,0.221661,0.258172,0.6,0.4,0.4,0.0,2,0.12,33.996904
4,high-grade-bias,0.4,0.28,3.333333,0.2,46.5,7.5,0.020095,0.073843,0.086163,0.2,0.4,0.4,0.0,2,0.12,37.116269
4,high-grade-bias,0.4,0.28,3.333333,0.6,46.5,21.666667,0.060283,0.219575,0.253802,0.6,0.4,0.4,0.0,2,0.12,35.929542
4,high-grade-bias,0.4,0.28,3.333333,0.2,46.75,6.833333,0.017991,0.06639,0.085662,0.2,0.4,0.4,0.0,2,0.12,43.629161
4,high-grade-bias,0.4,0.28,3.333333,0.6,46.75,19.5,0.053973,0.196827,0.2523,0.6,0.4,0.4,0.0,2,0.12,33.177244
4,high-grade-bias,0.4,0.28,3.333333,0.2,47.0,7.0,0.018341,0.067761,0.087533,0.2,0.4,0.4,0.0,2,0.12,37.458969
4,high-grade-bias,0.4,0.28,3.333333,0.6,47.0,19.666667,0.055023,0.200157,0.257912,0.6,0.4,0.4,0.0,2,0.12,36.637416
4,high-grade-bias,0.4,0.28,3.333333,0.2,47.25,7.666667,0.020107,0.07427,0.087525,0.2,0.4,0.4,0.0,2,0.12,35.251186
4,high-grade-bias,0.4,0.28,3.333333,0.6,47.25,21.5,0.060322,0.219293,0.257887,0.6,0.4,0.4,0.0,2,0.12,34.515468
4,high-grade-bias,0.4,0.28,3.333333,0.2,47.5,7.833333,0.021174,0.077647,0.086027,0.2,0.4,0.4,0.0,2,0.12,38.05834
4,high-grade-bias,0.4,0.28,3.333333,0.6,47.5,22.666667,0.063522,0.230986,0.253392,0.6,0.4,0.4,0.0,2,0.12,50.843927
4,high-grade-bias,0.4,0.28,3.333333,0.2,47.75,7.5,0.02027,0.074336,0.087781,0.2,0.4,0.4,0.0,2,0.12,37.511858
4,high-grade-bias,0.4,0.28,3.333333,0.6,47.75,21.5,0.060811,0.220663,0.258655,0.6,0.4,0.4,0.0,2,0.12,38.911598
4,high-grade-bias,0.4,0.28,3.333333,0.2,48.0,6.666667,0.018141,0.066419,0.082334,0.2,0.4,0.4,0.0,2,0.12,31.898713
4,high-grade-bias,0.4,0.28,3.333333,0.6,48.0,19.666667,0.054422,0.198476,0.247003,0.6,0.4,0.4,0.0,2,0.12,35.422307
4,high-grade-bias,0.4,0.28,3.333333,0.2,48.25,6.5,0.016851,0.062418,0.087796,0.2,0.4,0.4,0.0,2,0.12,32.642907
4,high-grade-bias,0.4,0.28,3.333333,0.6,48.25,18.166667,0.050554,0.184128,0.2587,0.6,0.4,0.4,0.0,2,0.12,39.839273
4,high-grade-bias,0.4,0.28,3.333333,0.2,48.5,6.5,0.016986,0.062794,0.086259,0.2,0.4,0.4,0.0,2,0.12,34.284988
4,high-grade-bias,0.4,0.28,3.333333,0.6,48.5,18.333333,0.050957,0.185649,0.25409,0.6,0.4,0.4,0.0,2,0.12,33.553452
4,high-grade-bias,0.4,0.28,3.333333,0.2,48.75,6.5,0.017143,0.063234,0.086027,0.2,0.4,0.4,0.0,2,0.12,34.059964
4,high-grade-bias,0.4,0.28,3.333333,0.6,48.75,18.5,0.051428,0.187357,0.253392,0.6,0.4,0.4,0.0,2,0.12,37.338724
4,high-grade-bias,0.4,0.28,3.333333,0.2,49.0,6.666667,0.018104,0.066316,0.082456,0.2,0.4,0.4,0.0,2,0.12,34.978101
4,high-grade-bias,0.4,0.28,3.333333,0.6,49.0,19.5,0.054312,0.197777,0.247368,0.6,0.4,0.4,0.0,2,0.12,34.588958
4,high-grade-bias,0.4,0.28,3.333333,0.2,49.25,6.5,0.017087,0.063077,0.086777,0.2,0.4,0.4,0.0,2,0.12,40.622432
4,high-grade-bias,0.4,0.28,3.333333,0.6,49.25,18.5,0.05126,0.186888,0.255643,0.6,0.4,0.4,0.0,2,0.12,33.489928
4,high-grade-bias,0.4,0.28,3.333333,0.2,49.5,7.0,0.018278,0.067584,0.087611,0.2,0.4,0.4,0.0,2,0.12,34.714348
4,high-grade-bias,0.4,0.28,3.333333,0.6,49.5,19.666667,0.054834,0.199627,0.258146,0.6,0.4,0.4,0.0,2,0.12,32.692184
4,high-grade-bias,0.4,0.28,3.333333,0.2,49.75,8.0,0.020888,0.077235,0.087525,0.2,0.4,0.4,0.0,2,0.12,34.473727
4,high-grade-bias,0.4,0.28,3.333333,0.6,49.75,22.5,0.062662,0.228189,0.257887,0.6,0.4,0.4,0.0,2,0.12,38.506446
4,high-grade-bias,0.4,0.28,3.333333,0.2,50.0,8.5,0.022977,0.084257,0.086027,0.2,0.4,0.4,0.0,2,0.12,34.053232
4,high-grade-bias,0.4,0.28,3.333333,0.6,50.0,24.5,0.068931,0.250428,0.253392,0.6,0.4,0.4,0.0,2,0.12,33.620364
4,high-grade-bias,0.4,0.28,3.333333,0.2,50.25,8.666667,0.023296,0.085543,0.087781,0.2,0.4,0.4,0.0,2,0.12,42.563827
4,high-grade-bias,0.4,0.28,3.333333,0.6,50.25,24.666667,0.069889,0.253504,0.258655,0.6,0.4,0.4,0.0,2,0.12,34.97435
4,high-grade-bias,0.4,0.28,3.333333,0.2,50.5,7.833333,0.021192,0.077697,0.087395,0.2,0.4,0.4,0.0,2,0.12,35.19228
4,high-grade-bias,0.4,0.28,3.333333,0.6,50.5,22.666667,0.063576,0.231137,0.257499,0.6,0.4,0.4,0.0,2,0.12,36.449708
4,high-grade-bias,0.4,0.28,3.333333,0.2,50.75,7.166667,0.019497,0.07139,0.087796,0.2,0.4,0.4,0.0,2,0.12,35.797767
4,high-grade-bias,0.4,0.28,3.333333,0.6,50.75,20.833333,0.058493,0.212607,0.2587,0.6,0.4,0.4,0.0,2,0.12,32.52215
4,high-grade-bias,0.4,0.28,3.333333,0.2,51.0,7.5,0.019484,0.072134,0.086545,0.2,0.4,0.4,0.0,2,0.12,39.305535
4,high-grade-bias,0.4,0.28,3.333333,0.6,51.0,21.0,0.058453,0.212887,0.254948,0.6,0.4,0.4,0.0,2,0.12,35.493757
4,high-grade-bias,0.4,0.28,3.333333,0.2,51.25,7.333333,0.019415,0.071548,0.087635,0.2,0.4,0.4,0.0,2,0.12,41.57612
4,high-grade-bias,0.4,0.28,3.333333,0.6,51.25,20.666667,0.058243,0.211518,0.258217,0.6,0.4,0.4,0.0,2,0.12,34.293135
4,high-grade-bias,0.4,0.28,3.333333,0.2,51.5,7.0,0.018769,0.068961,0.086367,0.2,0.4,0.4,0.0,2,0.12,34.895192
4,high-grade-bias,0.4,0.28,3.333333,0.6,51.5,20.166667,0.056308,0.204928,0.254414,0.6,0.4,0.4,0.0,2,0.12,35.996983
4,high-grade-bias,0.4,0.28,3.333333,0.2,51.75,6.0,0.016122,0.059204,0.082161,0.2,0.4,0.4,0.0,2,0.12,33.171326
4,high-grade-bias,0.4,0.28,3.333333,0.6,51.75,17.5,0.048366,0.176441,0.246484,0.6,0.4,0.4,0.0,2,0.12,32.780014
4,high-grade-bias,0.4,0.28,3.333333,0.2,52.0,6.0,0.015867,0.058491,0.086135,0.2,0.4,0.4,0.0,2,0.12,35.03524
4,high-grade-bias,0.4,0.28,3.333333,0.6,52.0,17.166667,0.047602,0.173521,0.253717,0.6,0.4,0.4,0.0,2,0.12,34.451136
4,high-grade-bias,0.4,0.28,3.333333,0.2,52.25,7.166667,0.018377,0.068253,0.087525,0.2,0.4,0.4,0.0,2,0.12,35.295928
4,high-grade-bias,0.4,0.28,3.333333,0.6,52.25,19.833333,0.055132,0.200853,0.257887,0.6,0.4,0.4,0.0,2,0.12,41.317162
4,high-grade-bias,0.4,0.28,3.333333,0.2,52.5,7.5,0.020248,0.074274,0.086027,0.2,0.4,0.4,0.0,2,0.12,36.377027
4,high-grade-bias,0.4,0.28,3.333333,0.6,52.5,21.666667,0.060745,0.220867,0.253392,0.6,0.4,0.4,0.0,2,0.12,38.210217
4,high-grade-bias,0.4,0.28,3.333333,0.2,52.75,7.5,0.020182,0.074088,0.087781,0.2,0.4,0.4,0.0,2,0.12,32.879254
4,high-grade-bias,0.4,0.28,3.333333,0.6,52.75,21.5,0.060546,0.219921,0.258655,0.6,0.4,0.4,0.0,2,0.12,37.133506
4,high-grade-bias,0.4,0.28,3.333333,0.2,53.0,6.833333,0.018384,0.067492,0.082334,0.2,0.4,0.4,0.0,2,0.12,39.51703
4,high-grade-bias,0.4,0.28,3.333333,0.6,53.0,19.833333,0.055153,0.200913,0.247003,0.6,0.4,0.4,0.0,2,0.12,31.679603
4,high-grade-bias,0.4,0.28,3.333333,0.2,53.25,6.666667,0.017928,0.065824,0.087796,0.2,0.4,0.4,0.0,2,0.12,36.131693
4,high-grade-bias,0.4,0.28,3.333333,0.6,53.25,19.166667,0.053785,0.19552,0.2587,0.6,0.4,0.4,0.0,2,0.12,35.569325
4,high-grade-bias,0.4,0.28,3.333333,0.2,53.5,7.166667,0.018858,0.0696,0.087317,0.2,0.4,0.4,0.0,2,0.12,32.693903
4,high-grade-bias,0.4,0.28,3.333333,0.6,53.5,20.333333,0.056575,0.206067,0.257263,0.6,0.4,0.4,0.0,2,0.12,33.925312
4,high-grade-bias,0.4,0.28,3.333333,0.2,53.75,7.333333,0.019634,0.072162,0.087365,0.2,0.4,0.4,0.0,2,0.12,38.71873
4,high-grade-bias,0.4,0.28,3.333333,0.6,53.75,21.0,0.0589,0.21414,0.257406,0.6,0.4,0.4,0.0,2,0.12,40.350444
4,high-grade-bias,0.4,0.28,3.333333,0.2,54.0,7.166667,0.019826,0.072309,0.082721,0.2,0.4,0.4,0.0,2,0.12,34.482407
4,high-grade-bias,0.4,0.28,3.333333,0.6,54.0,21.166667,0.059477,0.216146,0.248163,0.6,0.4,0.4,0.0,2,0.12,41.093669
5,high-grade-bias,0.4,0.28,3.333333,0.2,46.0,7.666667,0.020046,0.074097,0.087519,0.2,0.4,0.4,0.0,2,0.12,35.635322
5,high-grade-bias,0.4,0.28,3.333333,0.6,46.0,21.5,0.060138,0.218776,0.257869,0.6,0.4,0.4,0.0,2,0.12,36.024503
5,high-grade-bias,0.4,0.28,3.333333,0.2,46.25,7.666667,0.020405,0.075102,0.08793,0.2,0.4,0.4,0.0,2,0.12,36.090083
5,high-grade-bias,0.4,0.28,3.333333,0.6,46.25,21.666667,0.061214,0.22218,0.259103,0.6,0.4,0.4,0.0,2,0.12,43.893097
5,high-grade-bias,0.4,0.28,3.333333,0.2,46.5,7.5,0.020156,0.074014,0.086467,0.2,0.4,0.4,0.0,2,0.12,32.0561
5,high-grade-bias,0.4,0.28,3.333333,0.6,46.5,21.666667,0.060467,0.220087,0.254713,0.6,0.4,0.4,0.0,2,0.12,42.925784
5,high-grade-bias,0.4,0.28,3.333333,0.2,46.75,6.833333,0.018048,0.066549,0.085964,0.2,0.4,0.4,0.0,2,0.12,38.489637
5,high-grade-bias,0.4,0.28,3.333333,0.6,46.75,19.5,0.054143,0.197304,0.253203,0.6,0.4,0.4,0.0,2,0.12,34.913045
5,high-grade-bias,0.4,0.28,3.333333,0.2,47.0,7.0,0.0184,0.067925,0.087843,0.2,0.4,0.4,0.0,2,0.12,35.147649
5,high-grade-bias,0.4,0.28,3.333333,0.6,47.0,19.833333,0.055199,0.20104,0.258842,0.6,0.4,0.4,0.0,2,0.12,37.821388
5,high-grade-bias,0.4,0.28,3.333333,0.2,47.25,7.666667,0.020168,0.07444,0.087717,0.2,0.4,0.4,0.0,2,0.12,35.179764
5,high-grade-bias,0.4,0.28,3.333333,0.6,47.25,21.5,0.060505,0.219804,0.258462,0.6,0.4,0.4,0.0,2,0.12,32.013564
5,high-grade-bias,0.4,0.28,3.333333,0.2,47.5,7.833333,0.021234,0.077816,0.086121,0.2,0.4,0.4,0.0,2,0.12,32.136467
5,high-grade-bias,0.4,0.28,3.333333,0.6,47.5,22.666667,0.063704,0.231495,0.253676,0.6,0.4,0.4,0.0,2,0.12,34.421191
5,high-grade-bias,0.4,0.28,3.333333,0.2,47.75,7.5,0.020327,0.074494,0.087973,0.2,0.4,0.4,0.0,2,0.12,41.388861
5,high-grade-bias,0.4,0.28,3.333333,0.6,47.75,21.666667,0.060981,0.221528,0.261576,0.6,0.4,0.4,0.0,2,0.12,37.674059
5,high-grade-bias,0.4,0.28,3.333333,0.2,48.0,6.666667,0.018193,0.066566,0.082518,0.2,0.4,0.4,0.0,2,0.12,36.919648
5,high-grade-bias,0.4,0.28,3.333333,0.6,48.0,19.666667,0.05458,0.198917,0.247554,0.6,0.4,0.4,0.0,2,0.12,32.141603
5,high-grade-bias,0.4,0.28,3.333333,0.2,48.25,6.5,0.016902,0.062558,0.087988,0.2,0.4,0.4,0.0,2,0.12,34.722708
5,high-grade-bias,0.4,0.28,3.333333,0.6,48.25,18.333333,0.050705,0.184941,0.261621,0.6,0.4,0.4,0.0,2,0.12,35.805278
5,high-grade-bias,0.4,0.28,3.333333,0.2,48.5,6.5,0.017034,0.062931,0.086354,0.2,0.4,0.4,0.0,2,0.12,33.671918
5,high-grade-bias,0.4,0.28,3.333333,0.6,48.5,18.333333,0.051103,0.186058,0.254375,0.6,0.4,0.4,0.0,2,0.12,35.027068
5,high-grade-bias,0.4,0.28,3.333333,0.2,48.75,6.5,0.017189,0.063365,0.086121,0.2,0.4,0.4,0.0,2,0.12,34.165007
5,high-grade-bias,0.4,0.28,3.333333,0.6,48.75,18.5,0.051568,0.187751,0.253676,0.6,0.4,0.4,0.0,2,0.12,34.378256
5,high-grade-bias,0.4,0.28,3.333333,0.2,49.0,6.666667,0.018156,0.066461,0.082549,0.2,0.4,0.4,0.0,2,0.12,34.559949
5,high-grade-bias,0.4,0.28,3.333333,0.6,49.0,19.5,0.054467,0.198212,0.247647,0.6,0.4,0.4,0.0,2,0.12,36.893027
5,high-grade-bias,0.4,0.28,3.333333,0.2,49.25,6.5,0.017139,0.063225,0.087083,0.2,0.4,0.4,0.0,2,0.12,38.066001
5,high-grade-bias,0.4,0.28,3.333333,0.6,49.25,18.5,0.051418,0.18733,0.256563,0.6,0.4,0.4,0.0,2,0.12,35.846388
5,high-grade-bias,0.4,0.28,3.333333,0.2,49.5,7.0,0.018336,0.067747,0.087922,0.2,0.4,0.4,0.0,2,0.12,39.410481
5,high-grade-bias,0.4,0.28,3.333333,0.6,49.5,19.666667,0.055008,0.200116,0.259077,0.6,0.4,0.4,0.0,2,0.12,35.991719
5,high-grade-bias,0.4,0.28,3.333333,0.2,49.75,8.0,0.020952,0.077415,0.087717,0.2,0.4,0.4,0.0,2,0.12,36.114969
5,high-grade-bias,0.4,0.28,3.333333,0.6,49.75,22.5,0.062856,0.22873,0.258462,0.6,0.4,0.4,0.0,2,0.12,34.60578
5,high-grade-bias,0.4,0.28,3.333333,0.2,50.0,8.5,0.023046,0.08445,0.086121,0.2,0.4,0.4,0.0,2,0.12,35.443772
5,high-grade-bias,0.4,0.28,3.333333,0.6,50.0,24.5,0.069138,0.251007,0.253676,0.6,0.4,0.4,0.0,2,0.12,44.172938
5,high-grade-bias,0.4,0.28,3.333333,0.2,50.25,8.666667,0.023367,0.085741,0.087973,0.2,0.4,0.4,0.0,2,0.12,32.473686
5,high-grade-bias,0.4,0.28,3.333333,0.6,50.25,24.833333,0.070101,0.254487,0.261576,0.6,0.4,0.4,0.0,2,0.12,36.517149
5,high-grade-bias,0.4,0.28,3.333333,0.2,50.5,7.833333,0.021259,0.077884,0.087705,0.2,0.4,0.4,0.0,2,0.12,39.616246
5,high-grade-bias,0.4,0.28,3.333333,0.6,50.5,22.666667,0.063776,0.231698,0.258427,0.6,0.4,0.4,0.0,2,0.12,35.081897
5,high-grade-bias,0.4,0.28,3.333333,0.2,50.75,7.333333,0.01956,0.071956,0.087988,0.2,0.4,0.4,0.0,2,0.12,35.411548
5,high-grade-bias,0.4,0.28,3.333333,0.6,50.75,21.166667,0.058681,0.213916,0.261621,0.6,0.4,0.4,0.0,2,0.12,34.562692
5,high-grade-bias,0.4,0.28,3.333333,0.2,51.0,7.5,0.019545,0.072303,0.086851,0.2,0.4,0.4,0.0,2,0.12,43.290095
5,high-grade-bias,0.4,0.28,3.333333,0.6,51.0,21.0,0.058634,0.213393,0.255864,0.6,0.4,0.4,0.0,2,0.12,53.070139
5,high-grade-bias,0.4,0.28,3.333333,0.2,51.25,7.333333,0.019472,0.071709,0.087945,0.2,0.4,0.4,0.0,2,0.12,37.882887
5,high-grade-bias,0.4,0.28,3.333333,0.6,51.25,21.0,0.058416,0.212782,0.261492,0.6,0.4,0.4,0.0,2,0.12,41.974288
5,high-grade-bias,0.4,0.28,3.333333,0.2,51.5,7.0,0.018824,0.069114,0.086672,0.2,0.4,0.4,0.0,2,0.12,36.187763
5,high-grade-bias,0.4,0.28,3.333333,0.6,51.5,20.166667,0.056473,0.205389,0.255328,0.6,0.4,0.4,0.0,2,0.12,36.233908
5,high-grade-bias,0.4,0.28,3.333333,0.2,51.75,6.0,0.01617,0.059339,0.082254,0.2,0.4,0.4,0.0,2,0.12,44.651573
5,high-grade-bias,0.4,0.28,3.333333,0.6,51.75,17.5,0.04851,0.176844,0.246761,0.6,0.4,0.4,0.0,2,0.12,45.980196
5,high-grade-bias,0.4,0.28,3.333333,0.2,52.0,6.166667,0.015915,0.059014,0.086323,0.2,0.4,0.4,0.0,2,0.12,47.117066
5,high-grade-bias,0.4,0.28,3.333333,0.6,52.0,17.333333,0.047744,0.174306,0.25428,0.6,0.4,0.4,0.0,2,0.12,35.840013
5,high-grade-bias,0.4,0.28,3.333333,0.2,52.25,7.166667,0.01843,0.068401,0.087717,0.2,0.4,0.4,0.0,2,0.12,39.659048
5,high-grade-bias,0.4,0.28,3.333333,0.6,52.25,19.833333,0.05529,0.201296,0.258462,0.6,0.4,0.4,0.0,2,0.12,39.668929
5,high-grade-bias,0.4,0.28,3.333333,0.2,52.5,7.5,0.020305,0.074431,0.086121,0.2,0.4,0.4,0.0,2,0.12,35.105056
5,high-grade-bias,0.4,0.28,3.333333,0.6,52.5,21.666667,0.060914,0.22134,0.253676,0.6,0.4,0.4,0.0,2,0.12,39.531424
5,high-grade-bias,0.4,0.28,3.333333,0.2,52.75,7.5,0.020239,0.074245,0.087973,0.2,0.4,0.4,0.0,2,0.12,40.80071
5,high-grade-bias,0.4,0.28,3.333333,0.6,52.75,21.666667,0.060715,0.220783,0.261576,0.6,0.4,0.4,0.0,2,0.12,53.72648
5,high-grade-bias,0.4,0.28,3.333333,0.2,53.0,6.833333,0.018438,0.067642,0.082518,0.2,0.4,0.4,0.0,2,0.12,44.884489
5,high-grade-bias,0.4,0.28,3.333333,0.6,53.0,19.833333,0.055314,0.201364,0.247554,0.6,0.4,0.4,0.0,2,0.12,42.486169
5,high-grade-bias,0.4,0.28,3.333333,0.2,53.25,6.666667,0.017984,0.065979,0.087988,0.2,0.4,0.4,0.0,2,0.12,40.159982
5,high-grade-bias,0.4,0.28,3.333333,0.6,53.25,19.333333,0.053951,0.196376,0.261621,0.6,0.4,0.4,0.0,2,0.12,42.840368
5,high-grade-bias,0.4,0.28,3.333333,0.2,53.5,7.166667,0.018916,0.069761,0.087626,0.2,0.4,0.4,0.0,2,0.12,42.25539
5,high-grade-bias,0.4,0.28,3.333333,0.6,53.5,20.333333,0.056747,0.206549,0.25819,0.6,0.4,0.4,0.0,2,0.12,43.547791
5,high-grade-bias,0.4,0.28,3.333333,0.2,53.75,7.333333,0.019692,0.072325,0.087674,0.2,0.4,0.4,0.0,2,0.12,35.657593
5,high-grade-bias,0.4,0.28,3.333333,0.6,53.75,21.0,0.059076,0.214632,0.258334,0.6,0.4,0.4,0.0,2,0.12,42.271032
5,high-grade-bias,0.4,0.28,3.333333,0.2,54.0,7.333333,0.019886,0.072867,0.085363,0.2,0.4,0.4,0.0,2,0.12,54.335438
5,high-grade-bias,0.4,0.28,3.333333,0.6,54.0,21.333333,0.059657,0.217039,0.251402,0.6,0.4,0.4,0.0,2,0.12,62.306014
6,high-grade-bias,0.4,0.28,3.333333,0.2,46.0,7.666667,0.020062,0.074142,0.087599,0.2,0.4,0.4,0.0,2,0.12,55.617325
6,high-grade-bias,0.4,0.28,3.333333,0.6,46.0,21.5,0.060186,0.218911,0.25811,0.6,0.4,0.4,0.0,2,0.12,45.047986
6,high-grade-bias,0.4,0.28,3.333333,0.2,46.25,7.666667,0.020421,0.075146,0.088011,0.2,0.4,0.4,0.0,2,0.12,46.65432
6,high-grade-bias,0.4,0.28,3.333333,0.6,46.25,21.833333,0.061262,0.222704,0.26169,0.6,0.4,0.4,0.0,2,0.12,38.394897
6,high-grade-bias,0.4,0.28,3.333333,0.2,46.5,7.5,0.020171,0.074058,0.086546,0.2,0.4,0.4,0.0,2,0.12,46.779338
6,high-grade-bias,0.4,0.28,3.333333,0.6,46.5,21.666667,0.060514,0.220219,0.25495,0.6,0.4,0.4,0.0,2,0.12,51.913009
6,high-grade-bias,0.4,0.28,3.333333,0.2,46.75,6.833333,0.018062,0.06659,0.086042,0.2,0.4,0.4,0.0,2,0.12,43.974506
6,high-grade-bias,0.4,0.28,3.333333,0.6,46.75,19.5,0.054187,0.197426,0.253439,0.6,0.4,0.4,0.0,2,0.12,42.772598
6,high-grade-bias,0.4,0.28,3.333333,0.2,47.0,7.0,0.018415,0.067967,0.087924,0.2,0.4,0.4,0.0,2,0.12,42.480259
6,high-grade-bias,0.4,0.28,3.333333,0.6,47.0,19.833333,0.055244,0.201167,0.259085,0.6,0.4,0.4,0.0,2,0.12,48.311417
6,high-grade-bias,0.4,0.28,3.333333,0.2,47.25,7.666667,0.020184,0.074483,0.087765,0.2,0.4,0.4,0.0,2,0.12,52.768658
6,high-grade-bias,0.4,0.28,3.333333,0.6,47.25,21.5,0.060552,0.219935,0.258608,0.6,0.4,0.4,0.0,2,0.12,47.447916
6,high-grade-bias,0.4,0.28,3.333333,0.2,47.5,7.833333,0.02125,0.07786,0.086145,0.2,0.4,0.4,0.0,2,0.12,47.038506
6,high-grade-bias,0.4,0.28,3.333333,0.6,47.5,22.666667,0.06375,0.231626,0.253748,0.6,0.4,0.4,0.0,2,0.12,43.910475
6,high-grade-bias,0.4,0.28,3.333333,0.2,47.75,7.5,0.020341,0.074534,0.088022,0.2,0.4,0.4,0.0,2,0.12,46.021381
6,high-grade-bias,0.4,0.28,3.333333,0.6,47.75,21.666667,0.061024,0.221649,0.261722,0.6,0.4,0.4,0.0,2,0.12,45.540895
6,high-grade-bias,0.4,0.28,3.333333,0.2,48.0,6.666667,0.018207,0.066604,0.082564,0.2,0.4,0.4,0.0,2,0.12,43.613666
6,high-grade-bias,0.4,0.28,3.333333,0.6,48.0,19.666667,0.05462,0.19903,0.247693,0.6,0.4,0.4,0.0,2,0.12,41.444543
6,high-grade-bias,0.4,0.28,3.333333,0.2,48.25,6.5,0.016915,0.062595,0.088037,0.2,0.4,0.4,0.0,2,0.12,44.967112
6,high-grade-bias,0.4,0.28,3.333333,0.6,48.25,18.333333,0.050743,0.185049,0.261767,0.6,0.4,0.4,0.0,2,0.12,38.865765
6,high-grade-bias,0.4,0.28,3.333333,0.2,48.5,6.5,0.017047,0.062966,0.086378,0.2,0.4,0.4,0.0,2,0.12,42.319137
6,high-grade-bias,0.4,0.28,3.333333,0.6,48.5,18.333333,0.051141,0.186163,0.254447,0.6,0.4,0.4,0.0,2,0.12,52.651048
6,high-grade-bias,0.4,0.28,3.333333,0.2,48.75,6.5,0.017202,0.063398,0.086145,0.2,0.4,0.4,0.0,2,0.12,47.927926
6,high-grade-bias,0.4,0.28,3.333333,0.6,48.75,18.5,0.051604,0.187852,0.253748,0.6,0.4,0.4,0.0,2,0.12,44.021104
6,high-grade-bias,0.4,0.28,3.333333,0.2,49.0,6.666667,0.018169,0.066499,0.082572,0.2,0.4,0.4,0.0,2,0.12,41.058299
6,high-grade-bias,0.4,0.28,3.333333,0.6,49.0,19.5,0.054507,0.198323,0.247716,0.6,0.4,0.4,0.0,2,0.12,44.384877
6,high-grade-bias,0.4,0.28,3.333333,0.2,49.25,6.5,0.017153,0.063262,0.087163,0.2,0.4,0.4,0.0,2,0.12,42.04039
6,high-grade-bias,0.4,0.28,3.333333,0.6,49.25,18.5,0.051459,0.187443,0.256802,0.6,0.4,0.4,0.0,2,0.12,51.100309
6,high-grade-bias,0.4,0.28,3.333333,0.2,49.5,7.0,0.018351,0.067789,0.088002,0.2,0.4,0.4,0.0,2,0.12,37.349034
6,high-grade-bias,0.4,0.28,3.333333,0.6,49.5,19.833333,0.055053,0.200633,0.261663,0.6,0.4,0.4,0.0,2,0.12,57.031391
6,high-grade-bias,0.4,0.28,3.333333,0.2,49.75,8.0,0.020968,0.077462,0.087765,0.2,0.4,0.4,0.0,2,0.12,58.786078
6,high-grade-bias,0.4,0.28,3.333333,0.6,49.75,22.5,0.062905,0.228869,0.258608,0.6,0.4,0.4,0.0,2,0.12,41.778278
6,high-grade-bias,0.4,0.28,3.333333,0.2,50.0,8.5,0.023064,0.0845,0.086145,0.2,0.4,0.4,0.0,2,0.12,37.235344
6,high-grade-bias,0.4,0.28,3.333333,0.6,50.0,24.5,0.069191,0.251156,0.253748,0.6,0.4,0.4,0.0,2,0.12,43.988839
6,high-grade-bias,0.4,0.28,3.333333,0.2,50.25,8.666667,0.023385,0.085791,0.088022,0.2,0.4,0.4,0.0,2,0.12,49.083425
6,high-grade-bias,0.4,0.28,3.333333,0.6,50.25,25.0,0.070156,0.25503,0.261722,0.6,0.4,0.4,0.0,2,0.12,52.992276
6,high-grade-bias,0.4,0.28,3.333333,0.2,50.5,7.833333,0.021276,0.077932,0.087785,0.2,0.4,0.4,0.0,2,0.12,44.086996
6,high-grade-bias,0.4,0.28,3.333333,0.6,50.5,22.666667,0.063828,0.231842,0.258668,0.6,0.4,0.4,0.0,2,0.12,59.649508
6,high-grade-bias,0.4,0.28,3.333333,0.2,50.75,7.333333,0.019577,0.072001,0.088037,0.2,0.4,0.4,0.0,2,0.12,45.344906
6,high-grade-bias,0.4,0.28,3.333333,0.6,50.75,21.166667,0.058729,0.214051,0.261767,0.6,0.4,0.4,0.0,2,0.12,44.790622
6,high-grade-bias,0.4,0.28,3.333333,0.2,51.0,7.5,0.01956,0.072346,0.08693,0.2,0.4,0.4,0.0,2,0.12,48.933149
6,high-grade-bias,0.4,0.28,3.333333,0.6,51.0,21.0,0.05868,0.213524,0.256103,0.6,0.4,0.4,0.0,2,0.12,46.033217
6,high-grade-bias,0.4,0.28,3.333333,0.2,51.25,7.333333,0.019487,0.07175,0.088026,0.2,0.4,0.4,0.0,2,0.12,45.63507
6,high-grade-bias,0.4,0.28,3.333333,0.6,51.25,21.0,0.05846,0.212907,0.261735,0.6,0.4,0.4,0.0,2,0.12,45.384238
6,high-grade-bias,0.4,0.28,3.333333,0.2,51.5,7.0,0.018839,0.069154,0.086751,0.2,0.4,0.4,0.0,2,0.12,48.421172
6,high-grade-bias,0.4,0.28,3.333333,0.6,51.5,20.166667,0.056515,0.205507,0.255566,0.6,0.4,0.4,0.0,2,0.12,51.440624
6,high-grade-bias,0.4,0.28,3.333333,0.2,51.75,6.0,0.016182,0.059373,0.082277,0.2,0.4,0.4,0.0,2,0.12,39.94903
6,high-grade-bias,0.4,0.28,3.333333,0.6,51.75,17.5,0.048547,0.176948,0.246831,0.6,0.4,0.4,0.0,2,0.12,45.214277
6,high-grade-bias,0.4,0.28,3.333333,0.2,52.0,6.166667,0.015927,0.059047,0.08637,0.2,0.4,0.4,0.0,2,0.12,52.842371
6,high-grade-bias,0.4,0.28,3.333333,0.6,52.0,17.333333,0.04778,0.174408,0.254423,0.6,0.4,0.4,0.0,2,0.12,47.806891
6,high-grade-bias,0.4,0.28,3.333333,0.2,52.25,7.166667,0.018443,0.068438,0.087765,0.2,0.4,0.4,0.0,2,0.12,47.870113
6,high-grade-bias,0.4,0.28,3.333333,0.6,52.25,19.833333,0.05533,0.201409,0.258608,0.6,0.4,0.4,0.0,2,0.12,49.55868
6,high-grade-bias,0.4,0.28,3.333333,0.2,52.5,7.5,0.020319,0.074471,0.086145,0.2,0.4,0.4,0.0,2,0.12,42.911003
6,high-grade-bias,0.4,0.28,3.333333,0.6,52.5,21.666667,0.060957,0.221461,0.253748,0.6,0.4,0.4,0.0,2,0.12,41.036636
6,high-grade-bias,0.4,0.28,3.333333,0.2,52.75,7.5,0.020253,0.074285,0.088022,0.2,0.4,0.4,0.0,2,0.12,43.971567
6,high-grade-bias,0.4,0.28,3.333333,0.6,52.75,21.666667,0.060758,0.220903,0.261722,0.6,0.4,0.4,0.0,2,0.12,61.217299
6,high-grade-bias,0.4,0.28,3.333333,0.2,53.0,6.833333,0.018452,0.067681,0.082564,0.2,0.4,0.4,0.0,2,0.12,44.586089
6,high-grade-bias,0.4,0.28,3.333333,0.6,53.0,19.833333,0.055356,0.20148,0.247693,0.6,0.4,0.4,0.0,2,0.12,48.846535
6,high-grade-bias,0.4,0.28,3.333333,0.2,53.25,6.833333,0.017998,0.06641,0.088037,0.2,0.4,0.4,0.0,2,0.12,35.933041
6,high-grade-bias,0.4,0.28,3.333333,0.6,53.25,19.5,0.053994,0.196885,0.261767,0.6,0.4,0.4,0.0,2,0.12,45.848852
6,high-grade-bias,0.4,0.28,3.333333,0.2,53.5,7.166667,0.01893,0.069802,0.087706,0.2,0.4,0.4,0.0,2,0.12,40.665061
6,high-grade-bias,0.4,0.28,3.333333,0.6,53.5,20.333333,0.056791,0.206672,0.258431,0.6,0.4,0.4,0.0,2,0.12,46.858673
6,high-grade-bias,0.4,0.28,3.333333,0.2,53.75,7.333333,0.019707,0.072367,0.087754,0.2,0.4,0.4,0.0,2,0.12,38.198558
6,high-grade-bias,0.4,0.28,3.333333,0.6,53.75,21.0,0.059121,0.214758,0.258576,0.6,0.4,0.4,0.0,2,0.12,43.915875
6,high-grade-bias,0.4,0.28,3.333333,0.2,54.0,7.333333,0.019901,0.07291,0.085441,0.2,0.4,0.4,0.0,2,0.12,46.509363
6,high-grade-bias,0.4,0.28,3.333333,0.6,54.0,21.333333,0.059703,0.217168,0.251636,0.6,0.4,0.4,0.0,2,0.12,42.185764
